{"input": ["llvm -keys=cpu ", "matmul", [1000, 800, 700, "float32", [["CHW", 2, "local"], ["SP", 2, 0, 1000, [1, 20, 2], 1], ["SP", 2, 4, 700, [1, 7, 20], 1], ["SP", 2, 8, 800, [10], 1], ["RE", 2, [0, 4, 1, 5, 8, 2, 6, 9, 3, 7]], ["FSP", 3, 0, 1, 1], ["FSP", 3, 2, 2, 1], ["RE", 3, [0, 2, 1, 3]], ["CA", 2, 3, 1], ["AN", 3, 0, 3], ["PR", 2, 0, "auto_unroll_max_step$512"]]], {}], "config": {"index": 0, "code_hash": null, "entity": [["SP_0_0", "ot", 2], ["SP_0_1", "ot", 2], ["SP_0_2", "ot", 2], ["SP_1_0", "ot", 2], ["SP_1_1", "ot", 2], ["SP_1_2", "ot", 2], ["SP_2_0", "ot", 2]]}, "result": [[0.10401681659999999], 0, 2.0006539821624756, 1694826461.3888881], "version": 0.2, "tvm_version": "0.13.dev0"}
{"input": ["llvm -keys=cpu ", "matmul", [1000, 800, 700, "float32", [["CHW", 2, "local"], ["SP", 2, 0, 1000, [1, 20, 2], 1], ["SP", 2, 4, 700, [1, 7, 20], 1], ["SP", 2, 8, 800, [10], 1], ["RE", 2, [0, 4, 1, 5, 8, 2, 6, 9, 3, 7]], ["FSP", 3, 0, 1, 1], ["FSP", 3, 2, 2, 1], ["RE", 3, [0, 2, 1, 3]], ["CA", 2, 3, 1], ["AN", 3, 0, 3], ["PR", 2, 0, "auto_unroll_max_step$512"]]], {}], "config": {"index": 597871, "code_hash": null, "entity": [["SP_0_0", "ot", 4], ["SP_0_1", "ot", 4], ["SP_0_2", "ot", 4], ["SP_1_0", "ot", 4], ["SP_1_1", "ot", 4], ["SP_1_2", "ot", 4], ["SP_2_0", "ot", 4]]}, "result": [[0.045339627199999996], 0, 1.53029465675354, 1694826465.4807377], "version": 0.2, "tvm_version": "0.13.dev0"}
{"input": ["llvm -keys=cpu ", "matmul", [1000, 800, 700, "float32", [["CHW", 2, "local"], ["SP", 2, 0, 1000, [1, 20, 2], 1], ["SP", 2, 4, 700, [1, 7, 20], 1], ["SP", 2, 8, 800, [10], 1], ["RE", 2, [0, 4, 1, 5, 8, 2, 6, 9, 3, 7]], ["FSP", 3, 0, 1, 1], ["FSP", 3, 2, 2, 1], ["RE", 3, [0, 2, 1, 3]], ["CA", 2, 3, 1], ["AN", 3, 0, 3], ["PR", 2, 0, "auto_unroll_max_step$512"]]], {}], "config": {"index": 66430, "code_hash": null, "entity": [["SP_0_0", "ot", 4], ["SP_0_1", "ot", 4], ["SP_0_2", "ot", 4], ["SP_1_0", "ot", 4], ["SP_1_1", "ot", 4], ["SP_1_2", "ot", 4], ["SP_2_0", "ot", 2]]}, "result": [[0.044722878], 0, 1.176992654800415, 1694826466.610244], "version": 0.2, "tvm_version": "0.13.dev0"}
{"input": ["llvm -keys=cpu ", "matmul", [1000, 800, 700, "float32", [["CHW", 2, "local"], ["SP", 2, 0, 1000, [1, 20, 2], 1], ["SP", 2, 4, 700, [1, 7, 20], 1], ["SP", 2, 8, 800, [10], 1], ["RE", 2, [0, 4, 1, 5, 8, 2, 6, 9, 3, 7]], ["FSP", 3, 0, 1, 1], ["FSP", 3, 2, 2, 1], ["RE", 3, [0, 2, 1, 3]], ["CA", 2, 3, 1], ["AN", 3, 0, 3], ["PR", 2, 0, "auto_unroll_max_step$512"]]], {}], "config": {"index": 538822, "code_hash": null, "entity": [["SP_0_0", "ot", 4], ["SP_0_1", "ot", 4], ["SP_0_2", "ot", 4], ["SP_1_0", "ot", 4], ["SP_1_1", "ot", 4], ["SP_1_2", "ot", 2], ["SP_2_0", "ot", 4]]}, "result": [[0.0429849092], 0, 1.1672334671020508, 1694826467.685888], "version": 0.2, "tvm_version": "0.13.dev0"}
{"input": ["llvm -keys=cpu ", "matmul", [1000, 800, 700, "float32", [["CHW", 2, "local"], ["SP", 2, 0, 1000, [1, 20, 2], 1], ["SP", 2, 4, 700, [1, 7, 20], 1], ["SP", 2, 8, 800, [10], 1], ["RE", 2, [0, 4, 1, 5, 8, 2, 6, 9, 3, 7]], ["FSP", 3, 0, 1, 1], ["FSP", 3, 2, 2, 1], ["RE", 3, [0, 2, 1, 3]], ["CA", 2, 3, 1], ["AN", 3, 0, 3], ["PR", 2, 0, "auto_unroll_max_step$512"]]], {}], "config": {"index": 7381, "code_hash": null, "entity": [["SP_0_0", "ot", 4], ["SP_0_1", "ot", 4], ["SP_0_2", "ot", 4], ["SP_1_0", "ot", 4], ["SP_1_1", "ot", 4], ["SP_1_2", "ot", 2], ["SP_2_0", "ot", 2]]}, "result": [[0.0457922208], 0, 1.145268201828003, 1694826468.8053002], "version": 0.2, "tvm_version": "0.13.dev0"}
{"input": ["llvm -keys=cpu ", "matmul", [1000, 800, 700, "float32", [["CHW", 2, "local"], ["SP", 2, 0, 1000, [1, 20, 2], 1], ["SP", 2, 4, 700, [1, 7, 20], 1], ["SP", 2, 8, 800, [10], 1], ["RE", 2, [0, 4, 1, 5, 8, 2, 6, 9, 3, 7]], ["FSP", 3, 0, 1, 1], ["FSP", 3, 2, 2, 1], ["RE", 3, [0, 2, 1, 3]], ["CA", 2, 3, 1], ["AN", 3, 0, 3], ["PR", 2, 0, "auto_unroll_max_step$512"]]], {}], "config": {"index": 591310, "code_hash": null, "entity": [["SP_0_0", "ot", 4], ["SP_0_1", "ot", 4], ["SP_0_2", "ot", 4], ["SP_1_0", "ot", 4], ["SP_1_1", "ot", 2], ["SP_1_2", "ot", 4], ["SP_2_0", "ot", 4]]}, "result": [[0.0691245878], 0, 1.5581140518188477, 1694826470.303598], "version": 0.2, "tvm_version": "0.13.dev0"}
{"input": ["llvm -keys=cpu ", "matmul", [1000, 800, 700, "float32", [["CHW", 2, "local"], ["SP", 2, 0, 1000, [1, 20, 2], 1], ["SP", 2, 4, 700, [1, 7, 20], 1], ["SP", 2, 8, 800, [10], 1], ["RE", 2, [0, 4, 1, 5, 8, 2, 6, 9, 3, 7]], ["FSP", 3, 0, 1, 1], ["FSP", 3, 2, 2, 1], ["RE", 3, [0, 2, 1, 3]], ["CA", 2, 3, 1], ["AN", 3, 0, 3], ["PR", 2, 0, "auto_unroll_max_step$512"]]], {}], "config": {"index": 59869, "code_hash": null, "entity": [["SP_0_0", "ot", 4], ["SP_0_1", "ot", 4], ["SP_0_2", "ot", 4], ["SP_1_0", "ot", 4], ["SP_1_1", "ot", 2], ["SP_1_2", "ot", 4], ["SP_2_0", "ot", 2]]}, "result": [[0.06618901819999999], 0, 1.481717586517334, 1694826471.7543108], "version": 0.2, "tvm_version": "0.13.dev0"}
{"input": ["llvm -keys=cpu ", "matmul", [1000, 800, 700, "float32", [["CHW", 2, "local"], ["SP", 2, 0, 1000, [1, 20, 2], 1], ["SP", 2, 4, 700, [1, 7, 20], 1], ["SP", 2, 8, 800, [10], 1], ["RE", 2, [0, 4, 1, 5, 8, 2, 6, 9, 3, 7]], ["FSP", 3, 0, 1, 1], ["FSP", 3, 2, 2, 1], ["RE", 3, [0, 2, 1, 3]], ["CA", 2, 3, 1], ["AN", 3, 0, 3], ["PR", 2, 0, "auto_unroll_max_step$512"]]], {}], "config": {"index": 532261, "code_hash": null, "entity": [["SP_0_0", "ot", 4], ["SP_0_1", "ot", 4], ["SP_0_2", "ot", 4], ["SP_1_0", "ot", 4], ["SP_1_1", "ot", 2], ["SP_1_2", "ot", 2], ["SP_2_0", "ot", 4]]}, "result": [[0.069552417], 0, 1.530677318572998, 1694826473.2486918], "version": 0.2, "tvm_version": "0.13.dev0"}
{"input": ["llvm -keys=cpu ", "matmul", [1000, 800, 700, "float32", [["CHW", 2, "local"], ["SP", 2, 0, 1000, [1, 20, 2], 1], ["SP", 2, 4, 700, [1, 7, 20], 1], ["SP", 2, 8, 800, [10], 1], ["RE", 2, [0, 4, 1, 5, 8, 2, 6, 9, 3, 7]], ["FSP", 3, 0, 1, 1], ["FSP", 3, 2, 2, 1], ["RE", 3, [0, 2, 1, 3]], ["CA", 2, 3, 1], ["AN", 3, 0, 3], ["PR", 2, 0, "auto_unroll_max_step$512"]]], {}], "config": {"index": 820, "code_hash": null, "entity": [["SP_0_0", "ot", 4], ["SP_0_1", "ot", 4], ["SP_0_2", "ot", 4], ["SP_1_0", "ot", 4], ["SP_1_1", "ot", 2], ["SP_1_2", "ot", 2], ["SP_2_0", "ot", 2]]}, "result": [[0.06570804859999999], 0, 1.4700944423675537, 1694826474.6830199], "version": 0.2, "tvm_version": "0.13.dev0"}
{"input": ["llvm -keys=cpu ", "matmul", [1000, 800, 700, "float32", [["CHW", 2, "local"], ["SP", 2, 0, 1000, [1, 20, 2], 1], ["SP", 2, 4, 700, [1, 7, 20], 1], ["SP", 2, 8, 800, [10], 1], ["RE", 2, [0, 4, 1, 5, 8, 2, 6, 9, 3, 7]], ["FSP", 3, 0, 1, 1], ["FSP", 3, 2, 2, 1], ["RE", 3, [0, 2, 1, 3]], ["CA", 2, 3, 1], ["AN", 3, 0, 3], ["PR", 2, 0, "auto_unroll_max_step$512"]]], {}], "config": {"index": 597142, "code_hash": null, "entity": [["SP_0_0", "ot", 4], ["SP_0_1", "ot", 4], ["SP_0_2", "ot", 4], ["SP_1_0", "ot", 2], ["SP_1_1", "ot", 4], ["SP_1_2", "ot", 4], ["SP_2_0", "ot", 4]]}, "result": [[0.07031376800000001], 0, 1.5048084259033203, 1694826476.1826735], "version": 0.2, "tvm_version": "0.13.dev0"}
{"input": ["llvm -keys=cpu ", "matmul", [1000, 800, 700, "float32", [["CHW", 2, "local"], ["SP", 2, 0, 1000, [1, 20, 2], 1], ["SP", 2, 4, 700, [1, 7, 20], 1], ["SP", 2, 8, 800, [10], 1], ["RE", 2, [0, 4, 1, 5, 8, 2, 6, 9, 3, 7]], ["FSP", 3, 0, 1, 1], ["FSP", 3, 2, 2, 1], ["RE", 3, [0, 2, 1, 3]], ["CA", 2, 3, 1], ["AN", 3, 0, 3], ["PR", 2, 0, "auto_unroll_max_step$512"]]], {}], "config": {"index": 65701, "code_hash": null, "entity": [["SP_0_0", "ot", 4], ["SP_0_1", "ot", 4], ["SP_0_2", "ot", 4], ["SP_1_0", "ot", 2], ["SP_1_1", "ot", 4], ["SP_1_2", "ot", 4], ["SP_2_0", "ot", 2]]}, "result": [[0.0842824002], 0, 1.777174711227417, 1694826477.9454975], "version": 0.2,