{"input": ["llvm -keys=cpu ", "autotvm_mm", [1000, 800, 700, "float32", [["SP", 2, 0, 1000, [1, 25, 20], 1], ["SP", 2, 4, 700, [5, 5, 7], 1], ["SP", 2, 8, 800, [5], 1], ["RE", 2, [0, 4, 1, 5, 8, 2, 6, 9, 3, 7]], ["FU", 2, [0, 1, 2, 3]], ["AN", 2, 0, 3], ["PR", 2, 0, "auto_unroll_max_step$0"], ["AN", 2, 6, 2]]], {}], "config": {"index": 0, "code_hash": null, "entity": [["SP_0_0", "ot", 4], ["SP_0_1", "ot", 4], ["SP_0_2", "ot", 4], ["SP_1_0", "ot", 4], ["SP_1_1", "ot", 4], ["SP_1_2", "ot", 4], ["SP_2_0", "ot", 4]]}, "result": [[0.0094426215], 0, 0.6360926628112793, 1697481238.6082146], "version": 0.2, "tvm_version": "0.14.dev0"}
